{"stats":{"minecraft:picked_up":{"minecraft:dirt":1},"minecraft:used":{"minecraft:dirt":1},"minecraft:mined":{"minecraft:large_fern":4,"minecraft:grass_block":1},"minecraft:custom":{"minecraft:jump":93,"minecraft:time_since_rest":2695,"minecraft:leave_game":1,"minecraft:crouch_one_cm":289,"minecraft:sprint_one_cm":13763,"minecraft:play_time":2695,"minecraft:time_since_death":2695,"minecraft:walk_one_cm":2153,"minecraft:sneak_time":84,"minecraft:total_world_time":2695,"minecraft:fall_one_cm":1672,"minecraft:fly_one_cm":20474}},"DataVersion":3839}